deserializeAdresses, 2019-06-03 09:23:11.288
deserializeOrganisations, 2019-06-03 09:23:11.351
deserializeContacts, 2019-06-03 09:23:11.366
deserializeReminders, 2019-06-03 09:23:11.366
createDateFromString, 2019-06-03 09:23:11.382
createDateFromString, 2019-06-03 09:23:11.382
createDateFromString, 2019-06-03 09:23:11.413
createDateFromString, 2019-06-03 09:23:11.413
createDateFromString, 2019-06-03 09:23:11.429
createDateFromString, 2019-06-03 09:23:11.429
createDateFromString, 2019-06-03 09:23:11.429
createDateFromString, 2019-06-03 09:23:11.429
searchContact, 2019-06-03 09:23:11.445
addReminder, 2019-06-03 09:23:11.445
searchContact, 2019-06-03 09:23:11.445
addReminder, 2019-06-03 09:23:11.445
searchContact, 2019-06-03 09:23:11.445
addReminder, 2019-06-03 09:23:11.46
searchContact, 2019-06-03 09:23:11.46
addReminder, 2019-06-03 09:23:11.46
dateToString, 2019-06-03 09:23:11.476
dateToString, 2019-06-03 09:23:11.476
dateToString, 2019-06-03 09:23:11.491
dateToString, 2019-06-03 09:23:11.491
dateToString, 2019-06-03 09:23:11.491
dateToString, 2019-06-03 09:23:11.507
dateToString, 2019-06-03 09:23:11.507
dateToString, 2019-06-03 09:23:11.507
